,date,hospitalized,light-mid_symptoms,severe_symptoms,dead,discharged,PCR_positive,PCR_negative,tested_MA(7days),positive_rate,comparisonPreDay,comparisonPreDeclare,comparisonPreSpread
0,2020-05-01,2673.0,2576.0,97.0,6.0,94.0,18.0,289.0,299.7,0.1,-2.7,-61.5,-74.9
1,2020-05-02,2783.0,2683.0,100.0,15.0,32.0,19.0,280.0,297.1,0.08800000000000001,-37.8,-76.1,-85.7
2,2020-05-03,2856.0,2759.0,97.0,4.0,17.0,32.0,446.0,320.7,0.08,-21.0,-81.1,-88.7
3,2020-05-04,2915.0,2823.0,92.0,5.0,22.0,7.0,260.0,316.3,0.071,10.3,-79.2,-87.5
4,2020-05-05,2950.0,2857.0,93.0,0.0,23.0,9.0,135.0,318.7,0.073,0.7,-79.0,-87.4
5,2020-05-06,2974.0,2883.0,91.0,5.0,7.0,7.0,98.0,300.0,0.066,3.5,-78.3,-87.0
6,2020-05-07,2679.0,2592.0,87.0,5.0,313.0,25.0,1106.0,390.1,0.043,127.9,-50.5,-67.8
7,2020-05-08,2503.0,2425.0,78.0,11.0,204.0,20.0,1203.0,521.0,0.033,-2.9,-52.0,-68.7
8,2020-05-09,2514.0,2431.0,83.0,9.0,16.0,28.0,969.0,620.7,0.028999999999999998,-29.7,-66.3,-79.8
9,2020-05-10,2518.0,2447.0,71.0,0.0,18.0,19.0,647.0,647.6,0.025,-16.3,-71.8,-83.1
10,2020-05-11,2509.0,2444.0,65.0,9.0,15.0,25.0,1167.0,779.7,0.024,73.0,-51.1,-68.2
11,2020-05-12,1413.0,1357.0,56.0,7.0,716.0,15.0,1484.0,973.3,0.02,-2.6,-52.4,-69.0
12,2020-05-13,1320.0,1268.0,52.0,7.0,138.0,10.0,1390.0,1158.3,0.018000000000000002,4.1,-50.4,-67.7
13,2020-05-14,1199.0,1145.0,54.0,9.0,193.0,15.0,1459.0,1207.3,0.016,-3.2,-52.0,-68.7
14,2020-05-15,1077.0,1024.0,53.0,7.0,154.0,9.0,1305.0,1220.3,0.013999999999999999,8.0,-48.2,-66.2
15,2020-05-16,1033.0,978.0,55.0,11.0,88.0,5.0,827.0,1196.7,0.012,-32.8,-65.2,-79.1
16,2020-05-17,1024.0,970.0,54.0,7.0,38.0,3.0,411.0,1160.7,0.01,3.9,-63.8,-78.3
17,2020-05-18,935.0,883.0,52.0,4.0,120.0,11.0,1102.0,1150.1,0.008,46.3,-47.0,-65.5
18,2020-05-19,831.0,782.0,49.0,3.0,216.0,11.0,1150.0,1103.7,0.008,-3.3,-48.8,-66.7
19,2020-05-20,749.0,705.0,44.0,3.0,93.0,7.0,1057.0,1058.6,0.008,7.7,-44.9,-64.1
20,2020-05-21,655.0,613.0,42.0,9.0,132.0,10.0,1047.0,1001.7,0.008,0.9,-44.4,-63.8
21,2020-05-22,561.0,519.0,42.0,7.0,116.0,8.0,1103.0,974.9,0.008,2.3,-43.1,-63.0
22,2020-05-23,529.0,486.0,43.0,8.0,40.0,9.0,537.0,936.3,0.009000000000000001,-13.6,-50.9,-70.6
23,2020-05-24,517.0,476.0,41.0,9.0,10.0,5.0,354.0,928.7,0.01,-9.8,-55.7,-73.4
24,2020-05-25,474.0,435.0,39.0,8.0,72.0,10.0,910.0,905.3,0.01,38.4,-38.7,-60.1
25,2020-05-26,420.0,387.0,33.0,4.0,68.0,21.0,1036.0,895.3,0.011000000000000001,7.8,-33.9,-56.9
26,2020-05-27,394.0,363.0,31.0,4.0,34.0,12.0,1054.0,898.3,0.012,8.9,-28.0,-53.1
27,2020-05-28,380.0,348.0,32.0,3.0,30.0,19.0,1048.0,903.1,0.013000000000000001,3.5,-25.5,-51.4
28,2020-05-29,342.0,311.0,31.0,3.0,58.0,20.0,1150.0,914.6,0.016,9.3,-18.5,-46.9
29,2020-05-30,339.0,308.0,31.0,2.0,7.0,14.0,548.0,921.9,0.017,15.2,-6.1,-43.7
30,2020-05-31,346.0,318.0,28.0,1.0,2.0,12.0,369.0,925.9,0.018000000000000002,-9.7,-15.2,-49.2
31,2020-06-01,329.0,300.0,29.0,0.0,29.0,27.0,1399.0,1003.4,0.019,23.1,4.3,-32.0
32,2020-06-02,312.0,286.0,26.0,1.0,47.0,23.0,1423.0,1064.3,0.018000000000000002,-0.6,3.7,-32.4
33,2020-06-03,305.0,278.0,27.0,0.0,37.0,28.0,1581.0,1148.4,0.019,10.3,14.4,-25.5
34,2020-06-04,290.0,263.0,27.0,1.0,25.0,38.0,1670.0,1246.4,0.019,0.7,15.2,-25.0
35,2020-06-05,272.0,246.0,26.0,2.0,39.0,16.0,1891.0,1359.3,0.017,0.9,16.2,-24.3
36,2020-06-06,269.0,243.0,26.0,2.0,8.0,30.0,1106.0,1442.0,0.018000000000000002,9.7,27.6,-23.5
37,2020-06-07,276.0,250.0,26.0,0.0,1.0,3.0,410.0,1449.4,0.017,-6.6,19.1,-28.5
38,2020-06-08,281.0,257.0,24.0,0.0,20.0,23.0,1720.0,1499.1,0.016,-3.3,15.2,-24.9
39,2020-06-09,264.0,241.0,23.0,0.0,42.0,23.0,1787.0,1553.9,0.016,0.1,15.3,-24.9
40,2020-06-10,256.0,234.0,22.0,0.0,27.0,41.0,1860.0,1597.9,0.016,1.4,17.0,-23.8
41,2020-06-11,237.0,216.0,21.0,0.0,39.0,31.0,1795.0,1613.0,0.015,-3.1,13.3,-26.2
42,2020-06-12,228.0,205.0,23.0,2.0,32.0,56.0,2061.0,1645.9,0.018000000000000002,4.6,18.6,-22.8
43,2020-06-13,234.0,212.0,22.0,1.0,6.0,27.0,1078.0,1643.9,0.018000000000000002,7.8,27.8,-23.4
44,2020-06-14,241.0,222.0,19.0,0.0,4.0,13.0,463.0,1652.9,0.019,-1.0,26.6,-24.1
45,2020-06-15,248.0,227.0,21.0,0.0,21.0,21.0,1869.0,1675.1,0.019,-5.8,19.3,-22.3
46,2020-06-16,229.0,207.0,22.0,2.0,49.0,30.0,1785.0,1675.0,0.019,1.2,20.7,-21.4
47,2020-06-17,230.0,210.0,20.0,1.0,42.0,29.0,1819.0,1667.0,0.018000000000000002,4.4,26.0,-17.9
48,2020-06-18,220.0,201.0,19.0,0.0,39.0,37.0,1817.0,1674.3,0.019,-3.5,21.6,-20.7
49,2020-06-19,209.0,191.0,18.0,3.0,54.0,75.0,2036.0,1668.9,0.021,0.1,21.8,-20.7
50,2020-06-20,204.0,186.0,18.0,0.0,13.0,24.0,1047.0,1666.4,0.021,23.6,50.5,-9.7
51,2020-06-21,219.0,201.0,18.0,0.0,16.0,17.0,381.0,1655.6,0.021,-11.9,32.7,-20.4
52,2020-06-22,231.0,212.0,19.0,1.0,48.0,47.0,1918.0,1668.4,0.023,-13.5,14.8,-25.2
53,2020-06-23,225.0,205.0,20.0,2.0,35.0,66.0,1791.0,1678.1,0.026000000000000002,6.3,22.0,-20.5
54,2020-06-24,215.0,195.0,20.0,2.0,32.0,54.0,1902.0,1699.4,0.027999999999999997,2.8,25.4,-18.3
55,2020-06-25,218.0,199.0,19.0,0.0,43.0,63.0,1826.0,1708.4,0.03,-0.5,24.7,-18.8
56,2020-06-26,223.0,206.0,17.0,0.0,37.0,71.0,2154.0,1734.7,0.028999999999999998,6.9,33.3,-13.1
57,2020-06-27,233.0,219.0,14.0,0.0,25.0,59.0,1280.0,1776.9,0.031,9.9,46.5,-12.1
58,2020-06-28,242.0,229.0,13.0,0.0,26.0,29.0,496.0,1797.0,0.032,-12.7,27.9,-23.3
59,2020-06-29,272.0,260.0,12.0,0.0,49.0,86.0,2150.0,1847.7,0.035,-1.9,25.5,-18.2
60,2020-06-30,264.0,254.0,10.0,0.0,52.0,74.0,2191.0,1912.7,0.035,-2.9,21.9,-20.6
61,2020-07-01,280.0,270.0,10.0,0.0,27.0,128.0,2235.0,1977.1,0.039,-0.6,21.2,-21.0
62,2020-07-02,296.0,287.0,9.0,0.0,66.0,127.0,2252.0,2053.0,0.042,4.3,26.4,-17.7
63,2020-07-03,324.0,315.0,9.0,0.0,42.0,133.0,2643.0,2143.4,0.045,-2.4,23.3,-19.7
64,2020-07-04,346.0,337.0,9.0,0.0,35.0,78.0,1432.0,2180.0,0.046,6.2,31.0,-21.5
65,2020-07-05,369.0,360.0,9.0,0.0,25.0,85.0,722.0,2227.3,0.048,-9.8,18.1,-29.2
66,2020-07-06,419.0,411.0,8.0,0.0,64.0,112.0,2807.0,2337.1,0.048,-1.6,16.2,-24.3
67,2020-07-07,427.0,419.0,8.0,0.0,66.0,194.0,2597.0,2420.6,0.054000000000000006,4.4,21.4,-20.9
68,2020-07-08,444.0,438.0,6.0,0.0,104.0,207.0,3047.0,2555.6,0.055999999999999994,-1.0,20.2,-21.7
69,2020-07-09,441.0,435.0,6.0,0.0,103.0,177.0,2932.0,2667.1,0.057,-1.8,18.0,-23.1
70,2020-07-10,487.0,482.0,5.0,0.0,115.0,215.0,3383.0,2791.0,0.059000000000000004,3.4,22.1,-20.5
71,2020-07-11,529.0,524.0,5.0,0.0,75.0,179.0,2142.0,2908.9,0.062,2.1,24.6,-25.3
72,2020-07-12,580.0,575.0,5.0,0.0,54.0,50.0,791.0,2918.0,0.06,-7.2,15.7,-30.6
73,2020-07-13,651.0,645.0,6.0,0.0,113.0,156.0,3785.0,3077.6,0.059000000000000004,-2.0,13.4,-26.1
74,2020-07-14,679.0,672.0,7.0,0.0,136.0,214.0,3358.0,3208.3,0.057,-2.0,11.1,-27.6
75,2020-07-15,721.0,713.0,8.0,1.0,136.0,278.0,3806.0,3340.0,0.057999999999999996,5.1,16.8,-23.9
76,2020-07-16,760.0,753.0,7.0,0.0,163.0,333.0,3960.0,3521.9,0.062,-1.4,15.2,-24.9
77,2020-07-17,836.0,826.0,10.0,0.0,138.0,252.0,3828.0,3600.4,0.062,0.1,15.3,-24.9
78,2020-07-18,875.0,865.0,10.0,0.0,94.0,191.0,2617.0,3676.4,0.061,-2.8,12.2,-32.7
79,2020-07-19,917.0,905.0,12.0,0.0,54.0,76.0,965.0,3702.0,0.062,-4.7,6.9,-35.9
80,2020-07-20,920.0,907.0,13.0,1.0,255.0,235.0,3662.0,3716.9,0.065,6.0,13.3,-26.2
81,2020-07-21,949.0,935.0,14.0,0.0,201.0,273.0,3851.0,3804.4,0.066,-0.8,12.4,-26.8
82,2020-07-22,916.0,898.0,18.0,0.0,254.0,325.0,4794.0,3969.4,0.065,3.8,16.7,-24.0
83,2020-07-23,964.0,943.0,21.0,0.0,85.0,228.0,2314.0,3714.0,0.066,-14.8,-0.5,-40.3
84,2020-07-24,1040.0,1024.0,16.0,0.0,62.0,102.0,1350.0,3325.9,0.067,5.5,4.9,-37.1
85,2020-07-25,1105.0,1089.0,16.0,1.0,52.0,139.0,2480.0,3322.3,0.065,1.2,6.2,-36.3
86,2020-07-26,1165.0,1147.0,18.0,0.0,158.0,93.0,1221.0,3370.4,0.065,-6.8,-1.1,-40.7
87,2020-07-27,1260.0,1241.0,19.0,0.0,340.0,221.0,4703.0,3526.4,0.062,14.3,13.0,-26.4
88,2020-07-28,1209.0,1188.0,21.0,0.0,294.0,366.0,4710.0,3678.9,0.064,-2.2,10.5,-28.0
89,2020-07-29,1106.0,1084.0,22.0,1.0,351.0,364.0,4344.0,3627.7,0.067,0.5,11.0,-27.7
90,2020-07-30,1154.0,1132.0,22.0,1.0,329.0,331.0,4460.0,3969.3,0.064,1.6,12.9,-26.5
91,2020-07-31,1197.0,1181.0,16.0,2.0,177.0,406.0,4983.0,4567.3,0.066,1.7,14.8,-25.2
92,2020-08-01,1220.0,1205.0,15.0,0.0,133.0,190.0,3040.0,4649.0,0.066,0.9,15.8,-30.5
93,2020-08-02,1315.0,1300.0,15.0,0.0,43.0,103.0,1511.0,4693.3,0.066,-11.0,3.0,-38.2
94,2020-08-03,1365.0,1350.0,15.0,1.0,321.0,336.0,4761.0,4721.6,0.069,8.7,12.0,-27.0
95,2020-08-04,1382.0,1360.0,22.0,0.0,325.0,365.0,4329.0,4664.3,0.069,-1.8,10.0,-28.4
96,2020-08-05,1475.0,1454.0,21.0,0.0,250.0,391.0,4863.0,4748.6,0.069,4.0,14.4,-25.5
97,2020-08-06,1476.0,1455.0,21.0,0.0,320.0,372.0,4542.0,4782.4,0.07,0.7,15.1,-25.0
98,2020-08-07,1475.0,1452.0,23.0,0.0,354.0,329.0,4962.0,4777.6,0.067,2.0,17.5,-23.5
99,2020-08-08,1509.0,1484.0,25.0,0.0,248.0,223.0,3218.0,4815.0,0.068,-1.8,15.4,-30.8
100,2020-08-09,1601.0,1578.0,23.0,0.0,169.0,105.0,1388.0,4807.4,0.068,-3.8,11.0,-33.4
101,2020-08-10,1682.0,1658.0,24.0,1.0,192.0,64.0,1101.0,4203.9,0.068,-6.0,4.4,-37.4
102,2020-08-11,1710.0,1688.0,22.0,2.0,250.0,305.0,4836.0,4305.3,0.065,5.7,10.3,-28.1
103,2020-08-12,1659.0,1638.0,21.0,0.0,306.0,305.0,4468.0,4248.0,0.063,-1.7,8.5,-29.3
104,2020-08-13,1658.0,1637.0,21.0,2.0,322.0,283.0,4570.0,4249.1,0.059000000000000004,0.8,9.3,-28.8
105,2020-08-14,1560.0,1536.0,24.0,0.0,426.0,235.0,4320.0,4157.9,0.057,4.6,14.3,-25.5
106,2020-08-15,1541.0,1518.0,23.0,0.0,322.0,176.0,2744.0,4088.7,0.055999999999999994,-1.1,13.1,-32.2
107,2020-08-16,1605.0,1580.0,25.0,2.0,163.0,77.0,1136.0,4053.0,0.055999999999999994,-10.0,1.7,-39.0
108,2020-08-17,1666.0,1639.0,27.0,1.0,256.0,232.0,4453.0,4622.1,0.055,6.4,8.3,-29.4
109,2020-08-18,1641.0,1610.0,31.0,3.0,385.0,247.0,4677.0,4567.3,0.053,2.5,11.0,-27.7
110,2020-08-19,1614.0,1582.0,32.0,3.0,412.0,253.0,4220.0,4528.9,0.052000000000000005,3.3,14.7,-25.3
111,2020-08-20,1571.0,1535.0,36.0,1.0,297.0,186.0,3391.0,4349.3,0.051,2.5,17.5,-23.4
112,2020-08-21,1565.0,1532.0,33.0,2.0,300.0,221.0,4453.0,4359.0,0.051,2.1,20.0,-21.8
113,2020-08-22,1575.0,1538.0,37.0,0.0,153.0,123.0,2614.0,4322.0,0.049,3.1,23.7,-25.8
114,2020-08-23,1581.0,1542.0,39.0,0.0,164.0,60.0,1105.0,4315.0,0.049,-12.2,8.6,-34.9
115,2020-08-24,1632.0,1594.0,38.0,2.0,301.0,211.0,4389.0,4303.4,0.048,7.1,16.2,-24.3
116,2020-08-25,1564.0,1530.0,34.0,2.0,334.0,216.0,4488.0,4277.0,0.048,4.9,21.9,-20.6
117,2020-08-26,1522.0,1491.0,31.0,2.0,332.0,199.0,4543.0,4320.6,0.045,-0.2,21.7,-20.7
118,2020-08-27,1474.0,1443.0,31.0,0.0,312.0,170.0,4884.0,4536.1,0.043,-3.2,17.8,-23.3
119,2020-08-28,1328.0,1298.0,30.0,2.0,406.0,178.0,4700.0,4580.0,0.040999999999999995,8.4,27.7,-16.8
120,2020-08-29,1346.0,1314.0,32.0,0.0,119.0,104.0,2749.0,4600.0,0.04,6.3,35.8,-18.6
121,2020-08-30,1398.0,1364.0,34.0,2.0,140.0,57.0,917.0,4573.0,0.04,-10.6,21.4,-27.2
122,2020-08-31,1445.0,1413.0,32.0,3.0,189.0,143.0,4004.0,4501.1,0.039,1.8,23.6,-19.5
123,2020-09-01,1401.0,1372.0,29.0,1.0,199.0,169.0,4978.0,4561.4,0.037000000000000005,0.1,23.8,-19.4
124,2020-09-02,1390.0,1361.0,29.0,0.0,181.0,137.0,4558.0,4551.0,0.034,0.2,24.0,-19.2
125,2020-09-03,1333.0,1306.0,27.0,1.0,248.0,167.0,4675.0,4516.0,0.034,-2.8,20.6,-21.5
126,2020-09-04,1310.0,1282.0,28.0,4.0,248.0,127.0,4894.0,4528.6,0.032,3.6,24.9,-18.6
127,2020-09-05,1297.0,1270.0,27.0,0.0,140.0,103.0,3149.0,4597.3,0.032,6.3,32.9,-20.3
128,2020-09-06,1313.0,1286.0,27.0,0.0,92.0,62.0,1006.0,4609.7,0.032,-5.2,26.0,-24.5
129,2020-09-07,1305.0,1281.0,24.0,3.0,204.0,153.0,4328.0,4680.0,0.032,-1.2,24.4,-18.9
130,2020-09-08,1228.0,1207.0,21.0,6.0,269.0,193.0,4444.0,4630.3,0.033,1.7,26.6,-17.5
131,2020-09-09,1248.0,1224.0,24.0,1.0,147.0,160.0,4932.0,4694.7,0.033,2.8,30.1,-15.2
132,2020-09-10,1182.0,1159.0,23.0,0.0,225.0,148.0,4273.0,4651.1,0.033,2.6,33.4,-13.1
133,2020-09-11,1193.0,1169.0,24.0,1.0,207.0,208.0,4763.0,4644.3,0.036000000000000004,0.8,34.4,-12.4
134,2020-09-12,1216.0,1193.0,23.0,2.0,90.0,123.0,2828.0,4590.4,0.037000000000000005,3.1,38.7,-16.8
135,2020-09-13,1262.0,1238.0,24.0,0.0,62.0,49.0,1074.0,4596.4,0.036000000000000004,1.2,40.4,-15.8
136,2020-09-14,1284.0,1262.0,22.0,2.0,177.0,138.0,4240.0,4573.0,0.036000000000000004,-9.2,27.5,-17.0
137,2020-09-15,1204.0,1183.0,21.0,2.0,255.0,159.0,4757.0,4588.0,0.034,3.8,32.3,-13.8
138,2020-09-16,1149.0,1126.0,23.0,3.0,234.0,184.0,4230.0,4478.1,0.036000000000000004,2.4,35.5,-11.7
139,2020-09-17,1160.0,1133.0,27.0,0.0,184.0,182.0,3926.0,4420.1,0.037000000000000005,-0.3,35.1,-12.0
140,2020-09-18,1147.0,1121.0,26.0,1.0,187.0,172.0,4807.0,4429.0,0.036000000000000004,3.9,40.3,-8.6
141,2020-09-19,1135.0,1110.0,25.0,0.0,170.0,125.0,2977.0,4483.7,0.036000000000000004,11.1,55.9,-6.5
142,2020-09-20,1199.0,1172.0,27.0,0.0,94.0,46.0,1033.0,4488.1,0.036000000000000004,-4.3,49.2,-10.5
143,2020-09-21,1224.0,1197.0,27.0,1.0,68.0,54.0,1439.0,4013.0,0.037000000000000005,-0.5,48.5,-10.9
144,2020-09-22,1232.0,1202.0,30.0,0.0,114.0,40.0,1307.0,3470.0,0.038,-7.1,38.0,-17.2
145,2020-09-23,1258.0,1230.0,28.0,1.0,197.0,235.0,5252.0,3659.3,0.038,-5.9,29.9,-15.4
146,2020-09-24,1170.0,1141.0,29.0,3.0,270.0,211.0,4649.0,3772.4,0.038,-7.7,19.9,-21.9
147,2020-09-25,1083.0,1053.0,30.0,4.0,308.0,190.0,4844.0,3772.0,0.039,16.2,39.4,-9.2
148,2020-09-26,1109.0,1080.0,29.0,1.0,121.0,97.0,2645.0,3689.7,0.038,5.6,47.2,-11.7
149,2020-09-27,1154.0,1125.0,29.0,0.0,97.0,53.0,873.0,3655.7,0.039,0.0,47.2,-11.7
150,2020-09-28,1198.0,1172.0,26.0,6.0,132.0,155.0,4986.0,4238.1,0.037000000000000005,-9.2,33.7,-12.9
151,2020-09-29,1159.0,1136.0,23.0,1.0,177.0,193.0,4953.0,4827.9,0.037000000000000005,-1.6,31.5,-14.3
152,2020-09-30,1165.0,1144.0,21.0,1.0,191.0,192.0,4453.0,4680.3,0.037000000000000005,5.8,39.1,-9.4
153,2020-10-01,1103.0,1081.0,22.0,1.0,283.0,151.0,4499.0,4649.1,0.036000000000000004,-4.9,32.2,-13.8
154,2020-10-02,1047.0,1025.0,22.0,0.0,279.0,151.0,4708.0,4626.7,0.034,3.4,36.7,-10.9
155,2020-10-03,1024.0,999.0,25.0,2.0,189.0,86.0,2749.0,4653.6,0.034,13.5,55.2,-6.9
156,2020-10-04,1070.0,1044.0,26.0,0.0,65.0,50.0,1073.0,4687.0,0.033,-5.3,47.0,-11.8
157,2020-10-05,1057.0,1032.0,25.0,2.0,189.0,194.0,5016.0,4725.7,0.034,-11.2,30.6,-14.9
158,2020-10-06,976.0,951.0,25.0,1.0,227.0,151.0,4878.0,4722.1,0.033,-0.4,30.0,-15.3
159,2020-10-07,976.0,952.0,24.0,2.0,206.0,183.0,4556.0,4751.7,0.033,1.6,32.1,-13.9
160,2020-10-08,979.0,957.0,22.0,1.0,188.0,210.0,4250.0,4721.4,0.035,-5.8,24.5,-18.9
161,2020-10-09,1006.0,985.0,21.0,4.0,213.0,163.0,4830.0,4742.4,0.036000000000000004,4.5,30.1,-15.2
162,2020-10-10,1008.0,984.0,24.0,0.0,158.0,121.0,2602.0,4727.7,0.037000000000000005,-1.0,28.9,-22.7
163,2020-10-11,1085.0,1061.0,24.0,0.0,65.0,45.0,886.0,4706.6,0.037000000000000005,17.4,51.3,-9.3
164,2020-10-12,1116.0,1091.0,25.0,0.0,149.0,193.0,4952.0,4693.9,0.037000000000000005,-14.4,29.4,-15.7
165,2020-10-13,1083.0,1056.0,27.0,2.0,204.0,195.0,4719.0,4675.3,0.039,1.3,31.1,-14.6
166,2020-10-14,1008.0,983.0,25.0,2.0,284.0,188.0,4288.0,4631.9,0.039,2.3,34.1,-12.6
167,2020-10-15,1000.0,975.0,25.0,2.0,245.0,164.0,4175.0,4623.3,0.037000000000000005,-2.1,31.3,-14.5
168,2020-10-16,1002.0,977.0,25.0,4.0,215.0,173.0,4655.0,4611.4,0.038,7.0,40.5,-8.5
169,2020-10-17,997.0,974.0,23.0,3.0,168.0,119.0,2842.0,4639.1,0.037000000000000005,13.3,59.1,-4.6
170,2020-10-18,1051.0,1027.0,24.0,2.0,103.0,40.0,991.0,4645.9,0.037000000000000005,2.7,63.4,-2.0
171,2020-10-19,1062.0,1038.0,24.0,0.0,233.0,162.0,4506.0,4557.9,0.036000000000000004,-19.6,31.4,-14.4
172,2020-10-20,982.0,958.0,24.0,1.0,228.0,155.0,4377.0,4499.6,0.035,2.6,34.8,-12.2
173,2020-10-21,990.0,966.0,24.0,2.0,189.0,148.0,4152.0,4473.4,0.034,3.2,39.1,-9.4
174,2020-10-22,944.0,920.0,24.0,3.0,228.0,140.0,4448.0,4506.9,0.033,-3.1,34.8,-12.2
175,2020-10-23,964.0,941.0,23.0,3.0,171.0,179.0,4687.0,4508.3,0.033,3.3,39.2,-9.3
176,2020-10-24,945.0,920.0,25.0,0.0,183.0,109.0,2504.0,4462.7,0.033,23.6,72.1,3.2
177,2020-10-25,980.0,952.0,28.0,2.0,80.0,52.0,1027.0,4469.7,0.034,-3.1,66.8,0.0
178,2020-10-26,1037.0,1008.0,29.0,3.0,97.0,146.0,4487.0,4470.1,0.033,-18.9,35.2,-11.9
179,2020-10-27,934.0,901.0,33.0,1.0,232.0,178.0,4378.0,4472.3,0.033,0.8,36.3,-11.2
180,2020-10-28,951.0,921.0,30.0,0.0,155.0,157.0,4095.0,4468.6,0.034,1.6,38.5,-9.8
181,2020-10-29,969.0,940.0,29.0,2.0,153.0,162.0,3949.0,4413.4,0.035,-1.3,36.6,-11.0
182,2020-10-30,973.0,942.0,31.0,2.0,192.0,154.0,3752.0,4280.1,0.035,5.0,43.4,-6.5
183,2020-10-31,943.0,910.0,33.0,0.0,168.0,107.0,2101.0,4206.4,0.035,16.1,66.6,-0.1
184,2020-11-01,1013.0,979.0,34.0,0.0,72.0,52.0,848.0,4188.9,0.036000000000000004,-5.1,58.1,-5.2
185,2020-11-02,1031.0,999.0,32.0,4.0,144.0,158.0,4489.0,4204.9,0.037000000000000005,-12.6,38.1,-10.0
186,2020-11-03,1024.0,992.0,32.0,0.0,125.0,123.0,1892.0,3784.9,0.039,9.8,51.7,-9.0
187,2020-11-04,1040.0,1005.0,35.0,0.0,184.0,199.0,4513.0,3888.7,0.040999999999999995,-9.3,37.6,-10.4
188,2020-11-05,973.0,935.0,38.0,2.0,204.0,216.0,4424.0,3974.0,0.043,5.1,44.7,-5.8
189,2020-11-06,978.0,941.0,37.0,0.0,224.0,265.0,4745.0,4135.7,0.045,-1.5,42.5,-7.2
190,2020-11-07,988.0,952.0,36.0,0.0,137.0,184.0,3174.0,4325.7,0.046,22.1,74.0,4.4
191,2020-11-08,1060.0,1024.0,36.0,0.0,51.0,99.0,1154.0,4377.4,0.048,-5.8,63.9,-1.7
192,2020-11-09,1114.0,1079.0,35.0,1.0,152.0,206.0,4477.0,4384.6,0.049,-16.9,36.2,-11.2
193,2020-11-10,1034.0,1001.0,33.0,3.0,281.0,268.0,5059.0,4933.9,0.048,0.4,36.7,-10.9
194,2020-11-11,1076.0,1038.0,38.0,3.0,223.0,347.0,5215.0,5023.0,0.051,2.3,39.9,-8.9
195,2020-11-12,1054.0,1015.0,39.0,2.0,271.0,332.0,5574.0,5199.7,0.053,-4.1,34.2,-12.6
196,2020-11-13,1130.0,1091.0,39.0,0.0,231.0,273.0,5813.0,5370.1,0.052000000000000005,5.5,41.5,-7.8
197,2020-11-14,1179.0,1138.0,41.0,0.0,183.0,238.0,3532.0,5451.3,0.054000000000000006,19.6,69.3,1.5
198,2020-11-15,1259.0,1221.0,38.0,0.0,109.0,87.0,1705.0,5549.4,0.052000000000000005,-5.4,60.2,-3.9
199,2020-11-16,1302.0,1262.0,40.0,2.0,227.0,262.0,4750.0,5637.1,0.054000000000000006,-15.0,36.2,-11.2
200,2020-11-17,1281.0,1239.0,42.0,4.0,298.0,413.0,5908.0,5794.4,0.057,-2.5,32.9,-13.4
201,2020-11-18,1354.0,1315.0,39.0,0.0,220.0,419.0,5813.0,5922.6,0.057,2.5,36.3,-11.2
202,2020-11-19,1347.0,1309.0,38.0,0.0,324.0,404.0,5680.0,5984.4,0.057999999999999996,-2.4,32.9,-13.4
203,2020-11-20,1350.0,1313.0,37.0,1.0,408.0,486.0,6418.0,6136.1,0.062,-0.6,32.1,-13.9
204,2020-11-21,1375.0,1335.0,40.0,1.0,270.0,357.0,4312.0,6276.4,0.064,15.3,52.3,-8.7
205,2020-11-22,1462.0,1422.0,40.0,1.0,159.0,168.0,2152.0,6348.9,0.065,-2.5,48.4,-11.0
206,2020-11-23,1483.0,1442.0,41.0,0.0,212.0,104.0,1842.0,5802.3,0.066,-10.2,33.2,-20.1
207,2020-11-24,1583.0,1532.0,51.0,0.0,369.0,329.0,6194.0,5886.9,0.064,-4.2,27.7,-16.8
208,2020-11-25,1561.0,1507.0,54.0,3.0,441.0,463.0,6703.0,6023.4,0.063,2.2,30.5,-15.0
209,2020-11-26,1626.0,1566.0,60.0,3.0,408.0,452.0,6189.0,6108.4,0.064,2.0,33.0,-13.3
210,2020-11-27,1504.0,1443.0,61.0,3.0,605.0,459.0,6678.0,6145.6,0.062,0.3,33.4,-13.1
211,2020-11-28,1510.0,1443.0,67.0,0.0,315.0,317.0,4239.0,6108.3,0.062,10.1,46.9,-11.9
212,2020-11-29,1580.0,1513.0,67.0,0.0,308.0,172.0,1793.0,6050.7,0.062,-2.7,43.0,-14.3
213,2020-11-30,1661.0,1591.0,70.0,1.0,372.0,312.0,5248.0,6652.6,0.062,-7.9,31.6,-14.2
214,2020-12-01,1650.0,1588.0,62.0,5.0,467.0,459.0,6722.0,6714.3,0.064,0.2,31.9,-14.0
215,2020-12-02,1629.0,1570.0,59.0,5.0,468.0,445.0,6646.0,6697.6,0.064,-3.3,27.6,-16.9
216,2020-12-03,1685.0,1631.0,54.0,2.0,321.0,409.0,6428.0,6727.9,0.063,2.8,31.1,-14.6
217,2020-12-04,1721.0,1668.0,53.0,8.0,375.0,462.0,7365.0,6816.4,0.062,2.4,34.3,-12.5
218,2020-12-05,1744.0,1689.0,55.0,2.0,339.0,293.0,4480.0,6861.4,0.061,15.3,54.8,-7.1
219,2020-12-06,1856.0,1802.0,54.0,0.0,222.0,141.0,1743.0,6853.4,0.06,-2.3,51.3,-9.3
220,2020-12-07,1847.0,1792.0,55.0,6.0,519.0,347.0,5541.0,6943.9,0.06,-13.6,30.7,-14.8
221,2020-12-08,1850.0,1790.0,60.0,6.0,434.0,496.0,7048.0,7021.3,0.061,-0.9,29.5,-15.6
222,2020-12-09,1820.0,1761.0,59.0,5.0,412.0,463.0,6820.0,7076.0,0.061,1.6,31.6,-14.3
223,2020-12-10,1885.0,1826.0,59.0,2.0,405.0,492.0,6659.0,7137.4,0.062,1.2,33.1,-13.3
224,2020-12-11,1869.0,1802.0,67.0,5.0,595.0,480.0,7176.0,7120.1,0.063,3.9,38.3,-9.9
225,2020-12-12,1874.0,1806.0,68.0,0.0,327.0,372.0,4776.0,7202.6,0.064,17.5,62.4,-2.6
226,2020-12-13,1971.0,1901.0,70.0,0.0,258.0,192.0,2067.0,7266.6,0.064,-2.8,57.8,-5.4
227,2020-12-14,2049.0,1976.0,73.0,3.0,428.0,427.0,6079.0,7401.1,0.066,-15.4,33.6,-13.0
228,2020-12-15,1976.0,1898.0,78.0,9.0,638.0,573.0,7496.0,7513.6,0.066,0.0,33.6,-13.0
229,2020-12-16,1960.0,1891.0,69.0,10.0,420.0,567.0,7755.0,7681.6,0.067,2.6,37.0,-10.7
230,2020-12-17,1952.0,1886.0,66.0,0.0,542.0,589.0,7039.0,7773.6,0.068,1.6,39.3,-9.3
231,2020-12-18,2054.0,1988.0,66.0,4.0,568.0,626.0,7757.0,7914.9,0.07,1.6,41.6,-7.8
232,2020-12-19,2134.0,2072.0,62.0,5.0,48.0,460.0,5278.0,7997.0,0.071,18.0,67.0,0.2
233,2020-12-20,2107.0,2041.0,66.0,0.0,603.0,232.0,2543.0,8075.7,0.071,-3.8,60.7,-3.6
234,2020-12-21,2154.0,2091.0,63.0,1.0,482.0,525.0,6896.0,8204.7,0.07200000000000001,-13.2,39.4,-9.1
235,2020-12-22,2093.0,2029.0,64.0,1.0,689.0,664.0,8473.0,8352.9,0.073,-1.1,37.9,-10.1
236,2020-12-23,2103.0,2034.0,69.0,10.0,552.0,716.0,7910.0,8415.6,0.075,5.3,45.2,-5.4
237,2020-12-24,2129.0,2056.0,73.0,9.0,647.0,788.0,7560.0,8518.4,0.078,3.2,49.9,-2.3
238,2020-12-25,2139.0,2058.0,81.0,10.0,579.0,708.0,7381.0,8498.6,0.081,4.0,55.9,1.6
239,2020-12-26,2179.0,2098.0,81.0,10.0,370.0,614.0,5876.0,8634.4,0.083,1.1,57.6,-5.5
240,2020-12-27,2261.0,2179.0,82.0,0.0,321.0,338.0,2450.0,8657.9,0.084,-8.9,43.6,-13.9
241,2020-12-28,2303.0,2222.0,81.0,6.0,490.0,665.0,6739.0,8686.9,0.08800000000000001,-5.4,35.8,-11.5
242,2020-12-29,2274.0,2190.0,84.0,5.0,694.0,793.0,7053.0,8505.7,0.09300000000000001,-2.6,32.3,-20.6
243,2020-12-30,2384.0,2299.0,85.0,4.0,357.0,873.0,5951.0,8226.3,0.1,-7.8,22.0,-26.8
244,2020-12-31,2594.0,2505.0,89.0,5.0,382.0,521.0,3333.0,7536.1,0.105,-21.3,-4.0,-42.4
245,2021-01-01,2730.0,2642.0,88.0,4.0,496.0,580.0,3205.0,6843.3,0.114,-72.2,-73.3,-84.0
246,2021-01-02,2781.0,2687.0,94.0,0.0,434.0,530.0,3357.0,6497.4,0.12,375.5,27.1,-23.8
247,2021-01-03,2902.0,2801.0,101.0,1.0,362.0,672.0,3265.0,6739.7,0.126,-10.0,14.4,-31.4
248,2021-01-04,2995.0,2887.0,108.0,2.0,379.0,1102.0,7365.0,6955.1,0.135,11.7,27.8,-16.7
249,2021-01-05,3025.0,2914.0,111.0,14.0,610.0,1545.0,10493.0,7646.4,0.139,-3.4,23.4,-19.6
250,2021-01-06,3090.0,2977.0,113.0,8.0,610.0,1916.0,10462.0,8549.7,0.14400000000000002,-1.1,22.0,-20.5
251,2021-01-07,3154.0,3033.0,121.0,11.0,696.0,1840.0,10364.0,9888.9,0.145,-2.4,19.2,-22.4
252,2021-01-08,3178.0,3049.0,129.0,7.0,822.0,1752.0,11446.0,11384.1,0.142,-4.2,14.1,-25.6
253,2021-01-09,3119.0,2990.0,129.0,8.0,768.0,1216.0,7894.0,12152.7,0.141,-0.6,13.5,-31.9
254,2021-01-10,3239.0,3111.0,128.0,3.0,504.0,715.0,3962.0,12201.3,0.14,-1.6,11.6,-33.0
255,2021-01-11,3355.0,3224.0,131.0,4.0,505.0,613.0,3899.0,11434.0,0.14,-9.5,1.0,-39.4
256,2021-01-12,3427.0,3283.0,144.0,2.0,862.0,1305.0,9549.0,11329.1,0.139,3.8,4.9,-31.7
257,2021-01-13,3266.0,3125.0,141.0,13.0,1242.0,1385.0,10979.0,11318.4,0.131,6.6,11.7,-27.2
258,2021-01-14,3133.0,2998.0,135.0,3.0,1253.0,1462.0,11042.0,11320.1,0.125,-2.7,8.8,-29.1
259,2021-01-15,3020.0,2887.0,133.0,10.0,1647.0,1321.0,11595.0,11254.0,0.11900000000000001,4.7,13.9,-25.8
260,2021-01-16,3058.0,2922.0,136.0,3.0,1724.0,967.0,7338.0,11108.7,0.11699999999999999,6.0,20.7,-27.6
261,2021-01-17,3045.0,2907.0,138.0,5.0,820.0,508.0,3890.0,11044.6,0.114,-13.0,5.0,-37.0
262,2021-01-18,3011.0,2868.0,143.0,3.0,1070.0,876.0,9083.0,12009.6,0.11,3.6,8.8,-29.1
263,2021-01-19,2941.0,2786.0,155.0,16.0,1712.0,1166.0,10410.0,12013.1,0.106,0.3,9.1,-28.9
264,2021-01-20,2893.0,2733.0,160.0,10.0,2020.0,1011.0,10151.0,11801.4,0.10300000000000001,3.7,13.1,-26.3
265,2021-01-21,2820.0,2661.0,159.0,7.0,1516.0,908.0,9480.0,11488.4,0.098,0.9,14.1,-25.6
266,2021-01-22,2746.0,2588.0,158.0,9.0,1938.0,760.0,9493.0,11090.7,0.09300000000000001,2.5,17.0,-23.8
267,2021-01-23,2829.0,2673.0,156.0,9.0,1535.0,613.0,6487.0,10895.4,0.09,0.8,18.0,-29.3
268,2021-01-24,2798.0,2642.0,156.0,3.0,991.0,293.0,2491.0,10657.4,0.08800000000000001,-11.4,4.5,-37.4
269,2021-01-25,2808.0,2660.0,148.0,14.0,1516.0,641.0,7652.0,10411.7,0.086,11.6,16.6,-24.0
270,2021-01-26,2847.0,2699.0,148.0,13.0,1631.0,755.0,9191.0,10163.3,0.08199999999999999,-0.9,15.5,-24.7
271,2021-01-27,2871.0,2712.0,159.0,18.0,1532.0,729.0,8800.0,9937.9,0.079,-4.5,10.3,-28.1
272,2021-01-28,2888.0,2738.0,150.0,20.0,2207.0,582.0,7668.0,9646.7,0.076,3.9,14.6,-25.3
273,2021-01-29,2903.0,2756.0,147.0,17.0,2001.0,526.0,8287.0,9421.7,0.07400000000000001,5.7,21.2,-21.0
274,2021-01-30,2882.0,2741.0,141.0,19.0,1174.0,379.0,5977.0,9317.0,0.071,11.6,35.3,-18.8
275,2021-01-31,2891.0,2751.0,140.0,3.0,756.0,198.0,2855.0,9355.6,0.069,-5.8,27.5,-23.5
276,2021-02-01,2899.0,2766.0,133.0,8.0,1923.0,426.0,7179.0,9236.6,0.065,-5.4,20.7,-21.4
277,2021-02-02,2859.0,2730.0,129.0,23.0,1487.0,555.0,9816.0,9293.0,0.061,-1.7,18.6,-22.7
278,2021-02-03,2876.0,2751.0,125.0,32.0,1555.0,490.0,8182.0,9148.1,0.057999999999999996,3.2,22.4,-20.2
279,2021-02-04,2855.0,2740.0,115.0,25.0,1447.0,448.0,7828.0,9142.9,0.055999999999999994,-1.9,20.0,-21.8
280,2021-02-05,2816.0,2699.0,117.0,22.0,1284.0,436.0,7787.0,9047.4,0.054000000000000006,5.4,26.5,-17.6
281,2021-02-06,2775.0,2661.0,114.0,21.0,1288.0,318.0,5427.0,8943.4,0.053,11.8,41.4,-15.2
282,2021-02-07,2722.0,2611.0,111.0,6.0,966.0,132.0,2184.0,8828.9,0.053,-8.5,29.5,-22.3
283,2021-02-08,2663.0,2559.0,104.0,12.0,939.0,371.0,6673.0,8727.6,0.052000000000000005,-6.4,21.1,-21.1
284,2021-02-09,2606.0,2502.0,104.0,18.0,919.0,430.0,8252.0,8470.1,0.051,2.5,24.2,-19.1
285,2021-02-10,2553.0,2450.0,103.0,25.0,622.0,355.0,7893.0,8405.3,0.049,5.7,31.2,-14.5
286,2021-02-11,2558.0,2455.0,103.0,21.0,431.0,194.0,3247.0,7555.9,0.049,10.6,45.2,-12.9
287,2021-02-12,2500.0,2398.0,102.0,15.0,748.0,315.0,7039.0,7483.7,0.047,-8.5,32.9,-13.4
288,2021-02-13,2445.0,2341.0,104.0,11.0,445.0,288.0,5846.0,7540.3,0.047,10.1,46.2,-12.3
289,2021-02-14,2409.0,2306.0,103.0,6.0,418.0,157.0,2562.0,7599.7,0.047,-11.4,29.6,-22.3
290,2021-02-15,2341.0,2244.0,97.0,6.0,710.0,239.0,6645.0,7608.3,0.044000000000000004,-11.6,14.5,-25.4
291,2021-02-16,2323.0,2231.0,92.0,27.0,1304.0,364.0,8963.0,7706.0,0.042,4.8,20.0,-21.8
292,2021-02-17,2232.0,2145.0,87.0,19.0,612.0,294.0,6869.0,7549.9,0.040999999999999995,8.5,30.2,-15.2
293,2021-02-18,2147.0,2063.0,84.0,27.0,406.0,271.0,6379.0,8134.1,0.04,-3.4,25.8,-18.1
294,2021-02-19,2097.0,2013.0,84.0,11.0,465.0,246.0,6508.0,7990.9,0.039,8.1,35.9,-11.4
295,2021-02-20,2063.0,1981.0,82.0,27.0,303.0,198.0,4598.0,7784.6,0.038,6.7,45.0,-13.0
296,2021-02-21,2035.0,1953.0,82.0,17.0,347.0,98.0,1787.0,7673.3,0.037000000000000005,-6.1,36.3,-18.3
297,2021-02-22,1991.0,1915.0,76.0,9.0,496.0,218.0,6647.0,7664.0,0.037000000000000005,-4.3,30.4,-15.1
298,2021-02-23,1963.0,1886.0,77.0,11.0,314.0,152.0,3467.0,6680.1,0.038,6.3,38.7,-16.8
299,2021-02-24,1882.0,1813.0,69.0,17.0,468.0,232.0,6318.0,6632.0,0.037000000000000005,-7.6,28.1,-16.6
300,2021-02-25,1812.0,1741.0,71.0,23.0,360.0,276.0,6662.0,6674.7,0.036000000000000004,3.8,33.0,-13.4
301,2021-02-26,1774.0,1704.0,70.0,30.0,356.0,228.0,6726.0,6696.4,0.035,-0.6,32.1,-13.9
302,2021-02-27,1694.0,1626.0,68.0,15.0,324.0,167.0,4505.0,6664.7,0.034,13.3,49.7,-10.2
303,2021-02-28,1696.0,1629.0,67.0,6.0,291.0,70.0,1708.0,6639.9,0.034,-4.8,42.5,-14.5
304,2021-03-01,1663.0,1602.0,61.0,19.0,385.0,181.0,6006.0,6515.9,0.033,-7.9,31.3,-14.5
305,2021-03-02,1617.0,1563.0,54.0,5.0,235.0,253.0,7266.0,7227.6,0.032,-7.3,21.8,-20.7
306,2021-03-03,1548.0,1496.0,52.0,19.0,401.0,227.0,6676.0,7216.1,0.032,11.4,35.7,-11.6
307,2021-03-04,1519.0,1468.0,51.0,23.0,296.0,207.0,5927.0,7089.7,0.032,-0.9,34.5,-12.4
308,2021-03-05,1449.0,1400.0,49.0,12.0,344.0,226.0,6183.0,7030.7,0.032,3.8,39.5,-9.1
309,2021-03-06,1393.0,1342.0,51.0,8.0,277.0,159.0,4762.0,7093.1,0.031,15.9,61.7,-3.0
310,2021-03-07,1418.0,1366.0,52.0,0.0,233.0,86.0,1806.0,7106.1,0.032,-6.6,51.1,-9.4
311,2021-03-08,1427.0,1381.0,46.0,17.0,296.0,197.0,5609.0,7059.9,0.032,-11.8,33.3,-13.2
312,2021-03-09,1361.0,1322.0,39.0,21.0,308.0,261.0,7507.0,7090.6,0.032,2.3,36.4,-11.2
313,2021-03-10,1333.0,1294.0,39.0,18.0,331.0,251.0,6677.0,7122.1,0.033,7.1,46.1,-4.8
314,2021-03-11,1301.0,1262.0,39.0,18.0,300.0,212.0,6360.0,7190.4,0.032,-3.0,41.7,-7.7
315,2021-03-12,1279.0,1242.0,37.0,25.0,290.0,253.0,6856.0,7279.7,0.033,0.6,42.5,-7.2
316,2021-03-13,1262.0,1222.0,40.0,16.0,225.0,172.0,4492.0,7245.0,0.033,7.3,53.0,-8.3
317,2021-03-14,1250.0,1209.0,41.0,3.0,225.0,87.0,1867.0,7269.0,0.034,11.0,69.9,1.9
318,2021-03-15,1270.0,1228.0,42.0,9.0,295.0,236.0,6223.0,7375.1,0.034,-17.0,40.9,-8.2
319,2021-03-16,1268.0,1226.0,42.0,16.0,234.0,312.0,7542.0,7400.7,0.035,-1.7,38.6,-9.7
320,2021-03-17,1270.0,1229.0,41.0,7.0,283.0,231.0,6514.0,7353.4,0.035,2.1,41.6,-7.8
321,2021-03-18,1293.0,1249.0,44.0,12.0,277.0,234.0,6413.0,7359.0,0.035,0.0,41.5,-7.8
322,2021-03-19,1318.0,1272.0,46.0,6.0,309.0,247.0,7107.0,7401.0,0.035,9.9,55.5,1.3
323,2021-03-20,1357.0,1310.0,47.0,2.0,212.0,189.0,3244.0,7192.3,0.036000000000000004,18.2,83.9,10.3
324,2021-03-21,1355.0,1308.0,47.0,4.0,221.0,80.0,1512.0,7142.4,0.036000000000000004,-25.0,37.8,-17.3
325,2021-03-22,1372.0,1325.0,47.0,7.0,341.0,259.0,6683.0,7226.6,0.037000000000000005,5.2,45.1,-5.5
326,2021-03-23,1379.0,1337.0,42.0,18.0,246.0,314.0,8278.0,7337.6,0.036000000000000004,2.6,48.9,-3.0
327,2021-03-24,1371.0,1329.0,42.0,6.0,328.0,305.0,7099.0,7453.4,0.037000000000000005,4.8,56.0,1.6
328,2021-03-25,1392.0,1351.0,41.0,7.0,304.0,277.0,6126.0,7431.1,0.039,-4.5,48.9,-3.0
329,2021-03-26,1399.0,1354.0,45.0,15.0,346.0,315.0,6723.0,7385.7,0.040999999999999995,5.2,56.7,2.1
330,2021-03-27,1437.0,1393.0,44.0,16.0,220.0,215.0,4639.0,7610.6,0.04,15.1,80.3,8.2
331,2021-03-28,1419.0,1378.0,41.0,20.0,305.0,141.0,2014.0,7684.3,0.04,-12.9,57.1,-5.8
332,2021-03-29,1436.0,1396.0,40.0,12.0,388.0,219.0,6014.0,7572.9,0.04,-7.9,44.7,-5.7
333,2021-03-30,1468.0,1429.0,39.0,10.0,309.0,311.0,7277.0,7433.9,0.040999999999999995,2.0,47.7,-3.8
334,2021-03-31,1466.0,1421.0,45.0,23.0,322.0,325.0,6436.0,7332.0,0.042,2.5,51.3,-1.4
335,2021-04-01,1462.0,1418.0,44.0,4.0,245.0,342.0,6397.0,7387.0,0.042,-5.2,43.4,-6.6
336,2021-04-02,1516.0,1473.0,43.0,2.0,267.0,321.0,7146.0,7451.6,0.042,0.3,43.9,-6.2
337,2021-04-03,1526.0,1478.0,48.0,0.0,389.0,221.0,5193.0,7538.7,0.042,19.5,72.0,3.2
338,2021-04-04,1521.0,1474.0,47.0,0.0,346.0,136.0,1955.0,7517.7,0.042,-9.2,56.2,-6.3
339,2021-04-05,1526.0,1480.0,46.0,3.0,343.0,326.0,6486.0,7592.3,0.044000000000000004,-12.1,37.3,-10.5
340,2021-04-06,1555.0,1511.0,44.0,6.0,311.0,406.0,7982.0,7688.3,0.045,3.3,41.9,-7.6
341,2021-04-07,1500.0,1459.0,41.0,4.0,382.0,355.0,6768.0,7748.0,0.046,2.3,45.1,-5.5
342,2021-04-08,1521.0,1480.0,41.0,5.0,437.0,407.0,6765.0,7822.1,0.047,-4.8,38.2,-10.0
343,2021-04-09,1510.0,1467.0,43.0,4.0,481.0,401.0,7761.0,7901.9,0.048,2.4,41.5,-7.8
344,2021-04-10,1505.0,1468.0,37.0,5.0,403.0,298.0,5247.0,7920.0,0.05,23.4,74.6,4.7
345,2021-04-11,1511.0,1472.0,39.0,0.0,397.0,155.0,2116.0,7952.9,0.05,-9.4,58.2,-5.1
346,2021-04-12,1484.0,1442.0,42.0,1.0,472.0,344.0,6633.0,8020.1,0.05,-13.8,36.4,-11.1
347,2021-04-13,1462.0,1421.0,41.0,7.0,444.0,487.0,8716.0,8175.1,0.051,-5.0,29.6,-15.6
348,2021-04-14,1424.0,1383.0,41.0,8.0,489.0,440.0,8298.0,8429.1,0.051,0.6,30.3,-15.1
349,2021-04-15,1428.0,1391.0,37.0,9.0,458.0,507.0,7529.0,8547.9,0.052000000000000005,5.6,37.6,-10.3
350,2021-04-16,1433.0,1390.0,43.0,8.0,543.0,475.0,7921.0,8621.6,0.053,0.3,38.0,-10.1
351,2021-04-17,1457.0,1412.0,45.0,10.0,456.0,364.0,5644.0,8707.1,0.054000000000000006,15.9,59.9,-4.1
352,2021-04-18,1486.0,1441.0,45.0,1.0,516.0,191.0,2418.0,8763.9,0.054000000000000006,-0.4,59.2,-4.5
353,2021-04-19,1532.0,1485.0,47.0,0.0,465.0,441.0,7173.0,8872.1,0.055999999999999994,-16.7,32.6,-13.6
354,2021-04-20,1571.0,1521.0,50.0,5.0,511.0,631.0,9795.0,9062.0,0.057,0.4,33.1,-13.3
355,2021-04-21,1606.0,1558.0,48.0,4.0,505.0,567.0,8822.0,9180.0,0.059000000000000004,4.7,39.4,-9.2
356,2021-04-22,1689.0,1641.0,48.0,8.0,570.0,528.0,7518.0,9186.7,0.059000000000000004,-3.4,34.6,-12.3
357,2021-04-23,1731.0,1679.0,52.0,5.0,549.0,552.0,8149.0,9251.7,0.06,6.1,42.9,-6.9
358,2021-04-24,1779.0,1728.0,51.0,3.0,626.0,403.0,6350.0,9365.7,0.06,25.0,78.6,7.1
359,2021-04-25,1812.0,1762.0,50.0,4.0,646.0,224.0,2208.0,9348.4,0.06,-47.7,-6.6,-44.0
360,2021-04-26,1937.0,1882.0,55.0,0.0,597.0,488.0,6842.0,9280.9,0.061,9.3,2.1,-33.4
361,2021-04-27,1923.0,1868.0,55.0,3.0,741.0,680.0,8730.0,9125.7,0.064,-2.4,-0.3,-35.0
362,2021-04-28,1931.0,1878.0,53.0,1.0,643.0,660.0,8862.0,9163.1,0.065,2.2,1.9,-33.6
363,2021-04-29,1955.0,1897.0,58.0,9.0,709.0,477.0,4632.0,8600.7,0.068,-20.6,-19.1,-51.5
364,2021-04-30,2015.0,1950.0,65.0,2.0,677.0,686.0,6762.0,8484.0,0.07200000000000001,21.7,-1.6,-35.9
365,2021-05-01,2018.0,1955.0,63.0,6.0,763.0,638.0,7125.0,8657.4,0.075,-10.7,-12.1,-47.3
366,2021-05-02,2017.0,1954.0,63.0,1.0,705.0,399.0,3978.0,8967.1,0.076,-8.4,-19.5,-51.8
367,2021-05-03,2062.0,1997.0,65.0,0.0,694.0,375.0,3546.0,8319.6,0.079,-2.0,-21.1,-52.7
368,2021-05-04,2128.0,2063.0,65.0,1.0,696.0,473.0,4109.0,7489.7,0.084,0.8,-20.5,-52.3
369,2021-05-05,2167.0,2098.0,69.0,0.0,645.0,369.0,3699.0,6571.4,0.08800000000000001,-9.3,-27.9,-56.7
370,2021-05-06,2255.0,2183.0,72.0,4.0,528.0,567.0,7463.0,7284.0,0.084,30.8,-5.7,-38.5
371,2021-05-07,2265.0,2196.0,69.0,6.0,1026.0,871.0,11554.0,8017.4,0.08,-0.9,-6.5,-39.1
372,2021-05-08,2277.0,2206.0,71.0,6.0,796.0,670.0,7440.0,8060.7,0.079,-1.9,-8.3,-45.0
373,2021-05-09,2321.0,2248.0,73.0,3.0,821.0,291.0,2889.0,7871.0,0.079,-8.7,-16.3,-49.8
374,2021-05-10,2346.0,2268.0,78.0,2.0,766.0,641.0,8301.0,8819.6,0.075,16.8,-2.2,-36.3
375,2021-05-11,2393.0,2312.0,81.0,3.0,930.0,718.0,9692.0,9817.0,0.071,2.4,0.2,-34.7
376,2021-05-12,2399.0,2313.0,86.0,8.0,906.0,623.0,8793.0,10710.4,0.068,10.2,10.4,-28.1
377,2021-05-13,2358.0,2274.0,84.0,7.0,890.0,529.0,8038.0,10649.6,0.067,-1.5,8.8,-29.1
378,2021-05-14,2410.0,2326.0,84.0,2.0,683.0,543.0,8189.0,10028.4,0.066,9.9,19.6,-22.1
379,2021-05-15,2410.0,2325.0,85.0,11.0,831.0,417.0,6661.0,9861.6,0.063,12.6,34.6,-19.3
380,2021-05-16,2431.0,2347.0,84.0,0.0,743.0,223.0,2545.0,9784.1,0.062,-8.0,23.8,-25.8
381,2021-05-17,2430.0,2345.0,85.0,7.0,857.0,442.0,7507.0,9617.3,0.06,-4.8,17.8,-23.2
382,2021-05-18,2383.0,2302.0,81.0,11.0,966.0,560.0,9138.0,9500.9,0.057999999999999996,0.3,18.2,-23.0
383,2021-05-19,2361.0,2288.0,73.0,15.0,943.0,529.0,8138.0,9347.3,0.057999999999999996,1.5,20.0,-21.8
384,2021-05-20,2351.0,2282.0,69.0,13.0,730.0,434.0,7213.0,9211.6,0.055999999999999994,-0.5,19.5,-22.2
385,2021-05-21,2321.0,2256.0,65.0,13.0,857.0,453.0,8020.0,9175.0,0.055,5.8,26.4,-17.6
386,2021-05-22,2273.0,2211.0,62.0,5.0,631.0,330.0,5655.0,9001.3,0.055,19.1,50.6,-9.7
387,2021-05-23,2273.0,2212.0,61.0,2.0,874.0,178.0,2702.0,9016.4,0.054000000000000006,-9.8,35.8,-18.5
388,2021-05-24,2277.0,2209.0,68.0,0.0,678.0,358.0,6596.0,8833.9,0.053,-9.2,23.3,-19.7
389,2021-05-25,2197.0,2126.0,71.0,9.0,685.0,476.0,8407.0,8708.4,0.053,1.2,24.7,-18.7
390,2021-05-26,2182.0,2112.0,70.0,5.0,605.0,469.0,7431.0,8618.6,0.052000000000000005,-0.7,23.8,-19.3
391,2021-05-27,2171.0,2102.0,69.0,11.0,604.0,408.0,6703.0,8525.0,0.052000000000000005,-8.2,13.7,-25.9
392,2021-05-28,2126.0,2056.0,70.0,6.0,748.0,413.0,7174.0,8375.0,0.052000000000000005,13.9,29.5,-15.6
393,2021-05-29,2120.0,2042.0,78.0,6.0,581.0,289.0,5460.0,8326.1,0.052000000000000005,20.4,55.9,-6.5
394,2021-05-30,2078.0,2001.0,77.0,0.0,618.0,154.0,1895.0,8198.7,0.052000000000000005,-9.0,42.0,-14.9
395,2021-05-31,2044.0,1969.0,75.0,1.0,644.0,322.0,6162.0,8109.0,0.052000000000000005,-12.8,23.8,-19.3
396,2021-06-01,2015.0,1945.0,70.0,7.0,516.0,364.0,7809.0,8010.0,0.05,2.5,26.9,-17.3
397,2021-06-02,1932.0,1859.0,73.0,13.0,562.0,314.0,6893.0,7896.7,0.048,1.4,28.7,-16.2
398,2021-06-03,1928.0,1861.0,67.0,16.0,512.0,333.0,6887.0,7930.7,0.047,-1.6,26.6,-17.5
399,2021-06-04,1860.0,1798.0,62.0,4.0,601.0,334.0,7447.0,7949.0,0.045,-1.6,24.7,-18.8
400,2021-06-05,1820.0,1758.0,62.0,8.0,521.0,224.0,5384.0,7937.7,0.044000000000000004,26.8,58.1,-5.2
401,2021-06-06,1782.0,1722.0,60.0,5.0,500.0,117.0,1840.0,7933.7,0.043,-9.7,42.7,-14.4
402,2021-06-07,1734.0,1673.0,61.0,3.0,581.0,256.0,6506.0,7977.6,0.040999999999999995,-11.6,26.2,-17.8
403,2021-06-08,1699.0,1639.0,60.0,10.0,525.0,332.0,7334.0,7898.4,0.04,0.2,26.4,-17.7
404,2021-06-09,1626.0,1569.0,57.0,7.0,465.0,270.0,6327.0,7820.6,0.04,3.5,30.8,-14.8
405,2021-06-10,1563.0,1508.0,55.0,6.0,479.0,278.0,6268.0,7714.0,0.039,0.0,30.8,-14.7
406,2021-06-11,1522.0,1471.0,51.0,8.0,492.0,288.0,6787.0,7628.4,0.039,3.5,35.4,-11.8
407,2021-06-12,1484.0,1438.0,46.0,8.0,416.0,211.0,4917.0,7560.7,0.039,23.4,67.1,0.2
408,2021-06-13,1483.0,1436.0,47.0,6.0,351.0,104.0,1934.0,7569.9,0.039,-8.2,53.3,-8.1
409,2021-06-14,1436.0,1390.0,46.0,3.0,476.0,249.0,6315.0,7552.6,0.039,-17.1,27.0,-17.2
410,2021-06-15,1377.0,1332.0,45.0,12.0,386.0,369.0,7545.0,7588.3,0.039,4.6,32.9,-13.4
411,2021-06-16,1346.0,1301.0,45.0,12.0,374.0,321.0,6427.0,7603.3,0.04,-0.8,31.8,-14.1
412,2021-06-17,1333.0,1293.0,40.0,7.0,384.0,279.0,6091.0,7573.7,0.040999999999999995,1.2,33.3,-13.1
413,2021-06-18,1303.0,1261.0,42.0,2.0,456.0,294.0,6517.0,7523.4,0.040999999999999995,5.5,40.6,-8.4
414,2021-06-19,1286.0,1243.0,43.0,4.0,386.0,229.0,4672.0,7478.4,0.040999999999999995,17.8,65.6,-0.7
415,2021-06-20,1270.0,1225.0,45.0,1.0,402.0,115.0,1817.0,7464.1,0.042,-2.7,61.1,-3.4
416,2021-06-21,1282.0,1235.0,47.0,1.0,395.0,293.0,6028.0,7432.6,0.043,-16.1,35.1,-12.0
417,2021-06-22,1285.0,1240.0,45.0,5.0,377.0,459.0,7695.0,7457.7,0.045,-0.2,34.9,-12.1
418,2021-06-23,1301.0,1257.0,44.0,10.0,341.0,357.0,6885.0,7540.6,0.046,0.0,34.8,-12.1
419,2021-06-24,1360.0,1317.0,43.0,3.0,379.0,357.0,6640.0,7631.9,0.047,2.2,37.9,-10.2
420,2021-06-25,1385.0,1347.0,38.0,2.0,368.0,452.0,7476.0,7799.9,0.05,6.0,46.1,-4.8
421,2021-06-26,1427.0,1390.0,37.0,4.0,346.0,270.0,4804.0,7842.3,0.05,25.6,83.5,10.0
422,2021-06-27,1449.0,1412.0,37.0,1.0,404.0,162.0,1849.0,7856.3,0.051,-14.7,56.6,-6.1
423,2021-06-28,1491.0,1450.0,41.0,4.0,380.0,339.0,6224.0,7894.4,0.051,-12.6,36.8,-10.9
424,2021-06-29,1510.0,1467.0,43.0,4.0,392.0,478.0,8154.0,7972.7,0.051,-0.2,36.5,-11.0
425,2021-06-30,1553.0,1506.0,47.0,3.0,425.0,449.0,7272.0,8031.1,0.052000000000000005,1.9,39.2,-9.3
426,2021-07-01,1557.0,1506.0,51.0,2.0,500.0,458.0,6227.0,7993.7,0.054000000000000006,-6.7,29.9,-15.4
427,2021-07-02,1620.0,1566.0,54.0,2.0,522.0,501.0,7582.0,8023.3,0.055,3.1,33.9,-12.7
428,2021-07-03,1625.0,1575.0,50.0,0.0,476.0,375.0,5958.0,8208.0,0.055999999999999994,26.5,69.4,1.6
429,2021-07-04,1640.0,1589.0,51.0,1.0,433.0,184.0,2111.0,8247.0,0.057,-8.5,55.1,-7.0
430,2021-07-05,1674.0,1617.0,57.0,1.0,528.0,440.0,7186.0,8425.3,0.057999999999999996,-13.3,34.5,-12.4
431,2021-07-06,1677.0,1614.0,63.0,1.0,535.0,650.0,8661.0,8541.3,0.061,2.4,37.7,-10.3
432,2021-07-07,1673.0,1611.0,62.0,3.0,492.0,589.0,7819.0,8676.1,0.063,1.1,39.3,-9.2
433,2021-07-08,1782.0,1722.0,60.0,2.0,569.0,558.0,7079.0,8825.4,0.064,-3.7,34.2,-12.6
434,2021-07-09,1857.0,1795.0,62.0,2.0,620.0,628.0,8023.0,8940.0,0.065,5.2,41.2,-8.0
435,2021-07-10,1870.0,1807.0,63.0,5.0,560.0,464.0,5649.0,8935.7,0.067,28.1,80.9,8.5
436,2021-07-11,1902.0,1841.0,61.0,3.0,635.0,238.0,2102.0,8957.4,0.068,-9.5,63.7,-1.9
437,2021-07-12,1947.0,1892.0,55.0,0.0,584.0,484.0,7415.0,9025.4,0.068,-17.0,35.9,-11.5
438,2021-07-13,1986.0,1928.0,58.0,2.0,626.0,823.0,8458.0,9042.3,0.07200000000000001,-1.9,33.2,-13.2
439,2021-07-14,2023.0,1969.0,54.0,4.0,647.0,818.0,7628.0,9063.1,0.077,0.6,34.0,-12.7
440,2021-07-15,2084.0,2027.0,57.0,4.0,702.0,894.0,7174.0,9145.7,0.08199999999999999,1.3,35.8,-11.5
441,2021-07-16,2224.0,2171.0,53.0,1.0,658.0,968.0,8100.0,9228.0,0.08800000000000001,5.9,43.7,-6.3
442,2021-07-17,2281.0,2222.0,59.0,2.0,722.0,730.0,5717.0,9285.6,0.092,21.0,74.0,4.3
443,2021-07-18,2304.0,2246.0,58.0,0.0,779.0,412.0,2373.0,9357.1,0.095,-8.7,58.8,-4.8
444,2021-07-19,2346.0,2286.0,60.0,1.0,838.0,803.0,6850.0,9322.3,0.10099999999999999,-17.2,31.4,-14.4
445,2021-07-20,2388.0,2328.0,60.0,2.0,781.0,1216.0,8790.0,9458.7,0.107,3.9,36.5,-11.1
446,2021-07-21,2466.0,2402.0,64.0,4.0,917.0,1351.0,8446.0,9670.3,0.114,2.0,39.2,-9.3
447,2021-07-22,2544.0,2479.0,65.0,0.0,738.0,876.0,4584.0,9196.3,0.12,10.1,53.3,-8.0
448,2021-07-23,2558.0,2490.0,68.0,1.0,1038.0,650.0,2858.0,8254.1,0.129,4.4,60.0,-4.0
449,2021-07-24,2638.0,2564.0,74.0,0.0,1204.0,1112.0,5463.0,8361.0,0.138,-8.3,46.8,-12.0
450,2021-07-25,2632.0,2560.0,72.0,0.0,1009.0,873.0,3138.0,8555.1,0.14400000000000002,-7.5,35.8,-18.5
451,2021-07-26,2717.0,2639.0,78.0,0.0,1233.0,1703.0,8778.0,9078.3,0.157,-2.2,32.8,-13.5
452,2021-07-27,2864.0,2782.0,82.0,2.0,1305.0,2396.0,10983.0,9590.0,0.16899999999999998,-7.4,22.9,-19.9
453,2021-07-28,2995.0,2915.0,80.0,6.0,1199.0,2339.0,9314.0,9910.3,0.18100000000000002,6.3,30.7,-14.9
454,2021-07-29,3039.0,2958.0,81.0,3.0,1296.0,2350.0,8783.0,10903.3,0.188,-1.8,28.3,-16.4
455,2021-07-30,3135.0,3047.0,88.0,2.0,1391.0,2535.0,11058.0,12568.4,0.188,2.9,32.0,-14.0
456,2021-07-31,3209.0,3114.0,95.0,3.0,1553.0,2124.0,7716.0,13015.3,0.193,9.3,44.3,-13.5
457,2021-08-01,3166.0,3065.0,101.0,0.0,1603.0,1100.0,3953.0,13184.4,0.19399999999999998,-7.0,34.2,-19.5
458,2021-08-02,3231.0,3117.0,114.0,0.0,1538.0,2382.0,9160.0,13389.7,0.201,-5.8,26.5,-17.6
459,2021-08-03,3351.0,3239.0,112.0,7.0,1548.0,3334.0,12346.0,13801.6,0.207,-1.4,24.7,-18.8
460,2021-08-04,3399.0,3284.0,115.0,1.0,2047.0,3059.0,10993.0,14227.7,0.21,-5.6,17.7,-23.3
461,2021-08-05,3383.0,3248.0,135.0,1.0,2080.0,3104.0,10534.0,14672.6,0.212,2.7,20.8,-21.3
462,2021-08-06,3383.0,3242.0,141.0,4.0,2940.0,3163.0,11902.0,14994.6,0.21600000000000003,1.6,22.7,-20.1
463,2021-08-07,3485.0,3335.0,150.0,4.0,2891.0,2525.0,9147.0,15334.4,0.21600000000000003,-0.7,21.8,-27.0
464,2021-08-08,3517.0,3366.0,151.0,1.0,3490.0,1374.0,3998.0,15392.7,0.218,-14.0,4.8,-37.2
465,2021-08-09,3525.0,3368.0,157.0,3.0,3287.0,1102.0,3598.0,14049.7,0.221,10.0,15.2,-30.9
466,2021-08-10,3594.0,3418.0,176.0,3.0,3782.0,2780.0,10097.0,13860.4,0.223,0.6,15.9,-24.5
467,2021-08-11,3667.0,3470.0,197.0,2.0,3411.0,3941.0,11860.0,14113.4,0.22899999999999998,0.4,16.4,-24.1
468,2021-08-12,3668.0,3450.0,218.0,6.0,2734.0,3536.0,10699.0,14201.1,0.233,-1.5,14.7,-25.3
469,2021-08-13,3727.0,3500.0,227.0,7.0,3902.0,3392.0,11702.0,14194.4,0.235,-1.9,12.5,-26.7
470,2021-08-14,3762.0,3517.0,245.0,0.0,3990.0,2774.0,8357.0,14085.3,0.24,-2.2,10.1,-34.0
471,2021-08-15,3749.0,3498.0,251.0,3.0,4673.0,1275.0,3369.0,13973.3,0.24,-9.3,-0.1,-40.1
472,2021-08-16,3881.0,3613.0,268.0,5.0,4164.0,2617.0,9677.0,15494.9,0.23800000000000002,14.9,14.8,-25.2
473,2021-08-17,3800.0,3524.0,276.0,8.0,4820.0,4124.0,13720.0,16119.4,0.23800000000000002,-5.8,8.1,-29.6
474,2021-08-18,3815.0,3540.0,275.0,6.0,4050.0,3695.0,12325.0,16236.3,0.23399999999999999,1.6,9.8,-28.4
475,2021-08-19,3864.0,3590.0,274.0,4.0,3182.0,3153.0,11575.0,16345.6,0.22899999999999998,4.6,14.8,-25.2
476,2021-08-20,3845.0,3572.0,273.0,7.0,3440.0,3288.0,12689.0,16518.9,0.226,3.3,18.7,-22.7
477,2021-08-21,3964.0,3694.0,270.0,6.0,4115.0,2392.0,9518.0,16646.6,0.221,3.4,22.7,-26.4
478,2021-08-22,3968.0,3697.0,271.0,8.0,4467.0,1152.0,4163.0,16741.3,0.218,-4.6,17.0,-29.8
479,2021-08-23,4034.0,3762.0,272.0,5.0,5150.0,2556.0,11487.0,17005.7,0.213,-3.1,13.4,-26.1
480,2021-08-24,4124.0,3856.0,268.0,9.0,5222.0,3258.0,14049.0,16856.9,0.205,3.5,17.4,-23.5
481,2021-08-25,4154.0,3877.0,277.0,11.0,4503.0,2911.0,13136.0,16820.1,0.19699999999999998,-0.9,16.3,-24.2
482,2021-08-26,4156.0,3880.0,276.0,11.0,3601.0,2588.0,11152.0,16659.3,0.192,-1.4,14.7,-25.3
483,2021-08-27,4226.0,3932.0,294.0,18.0,4783.0,2487.0,12073.0,16398.6,0.18600000000000003,3.9,19.1,-22.4
484,2021-08-28,4258.0,3961.0,297.0,19.0,4750.0,1881.0,9208.0,16252.3,0.182,8.9,29.7,-22.2
485,2021-08-29,4251.0,3955.0,296.0,14.0,4454.0,892.0,3770.0,16150.0,0.18,-6.6,21.1,-27.4
486,2021-08-30,4242.0,3955.0,287.0,12.0,4948.0,1830.0,10262.0,15840.7,0.175,-2.6,17.9,-23.2
487,2021-08-31,4303.0,4016.0,287.0,15.0,5167.0,2261.0,13104.0,15490.7,0.168,-1.1,16.7,-24.0
488,2021-09-01,4271.0,3985.0,286.0,7.0,4036.0,2063.0,11732.0,15116.4,0.161,3.6,20.8,-21.3
489,2021-09-02,4299.0,4008.0,291.0,10.0,2851.0,1701.0,10317.0,14835.6,0.153,-3.9,16.1,-24.4
490,2021-09-03,4339.0,4061.0,278.0,10.0,4377.0,1591.0,11847.0,14639.6,0.145,6.0,23.0,-19.9
491,2021-09-04,4351.0,4084.0,267.0,15.0,3521.0,1133.0,8416.0,14393.7,0.138,13.7,39.9,-16.1
492,2021-09-05,4292.0,4028.0,264.0,10.0,4113.0,468.0,3111.0,14219.9,0.135,-6.2,31.2,-21.3
493,2021-09-06,4215.0,3948.0,267.0,16.0,1887.0,1152.0,8876.0,13854.1,0.128,-9.7,18.5,-22.8
494,2021-09-07,4164.0,3904.0,260.0,16.0,5713.0,1488.0,10967.0,13400.0,0.122,3.7,22.9,-20.0
495,2021-09-08,4008.0,3756.0,252.0,17.0,2959.0,1091.0,9696.0,12903.4,0.115,3.1,26.7,-17.5
496,2021-09-09,3909.0,3658.0,251.0,19.0,2476.0,896.0,8631.0,12459.0,0.10800000000000001,-5.1,20.2,-21.7
497,2021-09-10,3754.0,3511.0,243.0,15.0,3219.0,894.0,9470.0,11985.3,0.10300000000000001,7.2,28.9,-16.0
498,2021-09-11,3649.0,3416.0,233.0,17.0,2492.0,720.0,6899.0,11686.0,0.099,12.8,45.4,-12.8
499,2021-09-12,3570.0,3340.0,230.0,21.0,2532.0,318.0,2828.0,11633.1,0.098,-3.1,40.9,-15.5
500,2021-09-13,3467.0,3242.0,225.0,12.0,2627.0,686.0,8245.0,11474.3,0.091,-10.8,25.6,-18.1
501,2021-09-14,3335.0,3127.0,208.0,14.0,2156.0,831.0,10181.0,11239.0,0.084,-1.1,24.3,-19.0
502,2021-09-15,3097.0,2899.0,198.0,20.0,1987.0,610.0,9006.0,11029.3,0.078,3.3,28.4,-16.3
503,2021-09-16,2879.0,2697.0,182.0,24.0,1354.0,492.0,8251.0,10903.9,0.07200000000000001,2.0,31.0,-14.7
504,2021-09-17,2684.0,2505.0,179.0,25.0,1500.0,501.0,7767.0,10553.4,0.069,4.5,36.9,-10.8
505,2021-09-18,2511.0,2334.0,177.0,20.0,1615.0,361.0,5766.0,10310.7,0.064,-2.5,33.5,-20.0
506,2021-09-19,2436.0,2265.0,171.0,16.0,1275.0,154.0,2425.0,10204.7,0.062,25.7,67.7,0.6
507,2021-09-20,2406.0,2237.0,169.0,4.0,1084.0,153.0,2230.0,8885.6,0.06,-11.1,49.1,-10.6
508,2021-09-21,2196.0,2044.0,152.0,3.0,1496.0,309.0,7111.0,8446.9,0.053,-10.4,33.5,-13.0
509,2021-09-22,2046.0,1900.0,146.0,16.0,1032.0,390.0,8330.0,8294.1,0.05,-1.9,31.0,-14.7
510,2021-09-23,1943.0,1800.0,143.0,18.0,734.0,161.0,3425.0,7339.7,0.048,14.5,50.0,-10.0
511,2021-09-24,1725.0,1586.0,139.0,15.0,1193.0,236.0,7078.0,7201.7,0.043,-5.8,41.3,-8.0
512,2021-09-25,1632.0,1501.0,131.0,8.0,754.0,210.0,5796.0,7172.4,0.039,14.0,61.0,-3.4
513,2021-09-26,1553.0,1424.0,129.0,11.0,932.0,85.0,1912.0,7079.0,0.038,-5.0,53.0,-8.3
514,2021-09-27,1378.0,1253.0,125.0,11.0,677.0,173.0,6715.0,7946.3,0.034,-14.1,31.4,-14.4
515,2021-09-28,1266.0,1149.0,117.0,8.0,611.0,206.0,7112.0,7767.9,0.032,-1.0,30.1,-15.3
516,2021-09-29,1181.0,1074.0,107.0,17.0,467.0,128.0,6114.0,7371.0,0.027999999999999997,0.9,31.3,-14.5
517,2021-09-30,1080.0,980.0,100.0,12.0,432.0,120.0,5644.0,7833.4,0.026000000000000002,0.1,31.5,-14.4
518,2021-10-01,979.0,886.0,93.0,14.0,430.0,150.0,6790.0,7696.7,0.024,-15.3,11.4,-27.4
519,2021-10-02,932.0,844.0,88.0,13.0,287.0,88.0,4604.0,7486.6,0.022000000000000002,51.0,68.2,0.9
520,2021-10-03,901.0,813.0,88.0,7.0,327.0,48.0,2069.0,7511.7,0.021,-6.4,57.4,-5.6
521,2021-10-04,854.0,777.0,77.0,6.0,333.0,98.0,6412.0,7463.7,0.019,-15.5,33.0,-13.4
522,2021-10-05,811.0,737.0,74.0,5.0,436.0,128.0,7168.0,7509.0,0.018000000000000002,-0.5,32.4,-13.8
523,2021-10-06,751.0,674.0,77.0,10.0,382.0,99.0,6297.0,7553.7,0.017,0.6,33.2,-13.2
524,2021-10-07,688.0,618.0,70.0,19.0,248.0,72.0,5613.0,7556.7,0.016,1.7,35.4,-11.8
525,2021-10-08,644.0,576.0,68.0,18.0,241.0,69.0,6541.0,7538.6,0.013999999999999999,2.0,38.1,-10.0
526,2021-10-09,615.0,547.0,68.0,9.0,184.0,51.0,4546.0,7507.9,0.013000000000000001,24.7,72.2,3.3
527,2021-10-10,602.0,535.0,67.0,7.0,125.0,22.0,1894.0,7469.9,0.013000000000000001,-6.3,61.3,-3.3
528,2021-10-11,567.0,505.0,62.0,6.0,208.0,43.0,6087.0,7399.9,0.011000000000000001,-15.6,36.2,-11.3
529,2021-10-12,519.0,464.0,55.0,10.0,199.0,58.0,6592.0,7283.1,0.01,-3.3,31.7,-14.2
530,2021-10-13,480.0,437.0,43.0,13.0,177.0,47.0,5561.0,7147.4,0.009000000000000001,0.8,32.8,-13.5
531,2021-10-14,447.0,407.0,40.0,12.0,115.0,52.0,5374.0,7082.4,0.008,3.7,37.7,-10.3
532,2021-10-15,413.0,374.0,39.0,7.0,112.0,53.0,6012.0,6974.1,0.008,2.3,40.9,-8.2
533,2021-10-16,390.0,355.0,35.0,7.0,101.0,39.0,4271.0,6932.6,0.008,28.1,80.5,8.3
534,2021-10-17,377.0,342.0,35.0,6.0,92.0,13.0,1624.0,6894.1,0.008,-10.8,60.9,-3.5
535,2021-10-18,326.0,295.0,31.0,6.0,162.0,24.0,5674.0,6803.4,0.008,-14.9,37.0,-10.7
536,2021-10-19,309.0,283.0,26.0,13.0,76.0,34.0,6293.0,6730.0,0.006999999999999999,-3.8,31.8,-14.1
537,2021-10-20,280.0,253.0,27.0,5.0,91.0,15.0,5382.0,6681.7,0.006999999999999999,6.6,40.6,-8.4
538,2021-10-21,256.0,232.0,24.0,2.0,84.0,19.0,4984.0,6613.6,0.006,-0.8,39.5,-9.1
539,2021-10-22,240.0,219.0,21.0,1.0,62.0,23.0,5594.0,6531.1,0.005,2.9,43.5,-6.5
540,2021-10-23,239.0,217.0,22.0,1.0,20.0,16.0,4020.0,6480.3,0.005,31.5,88.6,13.1
541,2021-10-24,237.0,215.0,22.0,0.0,47.0,8.0,1570.0,6470.6,0.005,-6.0,77.4,6.4
542,2021-10-25,226.0,206.0,20.0,3.0,68.0,13.0,5750.0,6494.4,0.004,-20.0,41.9,-7.6
543,2021-10-26,184.0,167.0,17.0,5.0,96.0,24.0,6093.0,6473.4,0.004,-2.8,37.9,-10.2
544,2021-10-27,177.0,161.0,16.0,2.0,54.0,19.0,5335.0,6477.6,0.004,2.4,41.3,-8.0
545,2021-10-28,179.0,164.0,15.0,3.0,43.0,23.0,4655.0,6443.3,0.004,-0.3,40.8,-8.3
546,2021-10-29,166.0,152.0,14.0,12.0,4100.0,22.0,5334.0,6415.0,0.004,8.0,52.1,-0.9
547,2021-10-30,156.0,142.0,14.0,5.0,29.0,20.0,3630.0,6364.7,0.004,23.6,87.9,12.7
548,2021-10-31,156.0,142.0,14.0,0.0,21.0,5.0,1562.0,6354.4,0.004,-8.2,72.4,3.4
549,2021-11-01,140.0,126.0,14.0,1.0,51.0,22.0,5075.0,6238.9,0.004,-16.0,44.8,-5.7
550,2021-11-02,130.0,116.0,14.0,1.0,27.0,20.0,6509.0,6305.9,0.004,-2.0,41.9,-7.5
551,2021-11-03,134.0,120.0,14.0,3.0,15.0,19.0,2382.0,5722.3,0.004,29.0,83.0,9.8
552,2021-11-04,120.0,108.0,12.0,2.0,41.0,19.0,5225.0,5867.6,0.004,-22.4,42.0,-7.5
553,2021-11-05,105.0,93.0,12.0,1.0,65.0,19.0,6671.0,6095.3,0.004,4.2,48.0,-3.6
554,2021-11-06,108.0,96.0,12.0,0.0,16.0,15.0,4352.0,6207.4,0.004,24.6,84.4,10.6
555,2021-11-07,113.0,101.0,12.0,0.0,12.0,12.0,1584.0,6219.6,0.004,-7.1,71.3,2.7
556,2021-11-08,111.0,101.0,10.0,1.0,21.0,29.0,5694.0,6347.0,0.004,-19.2,38.4,-9.8
557,2021-11-09,122.0,112.0,10.0,1.0,26.0,18.0,6373.0,6315.0,0.004,-7.5,28.0,-16.6
558,2021-11-10,118.0,108.0,10.0,0.0,31.0,20.0,5245.0,6899.4,0.004,13.5,45.2,-5.4
559,2021-11-11,115.0,106.0,9.0,1.0,28.0,11.0,4907.0,6783.1,0.003,-1.6,42.8,-6.9
560,2021-11-12,109.0,101.0,8.0,0.0,41.0,17.0,5696.0,6611.3,0.003,6.5,52.2,-0.9
561,2021-11-13,107.0,97.0,10.0,0.0,18.0,16.0,4187.0,6575.6,0.003,28.5,95.5,17.2
562,2021-11-14,106.0,96.0,10.0,0.0,30.0,5.0,1524.0,6562.3,0.003,-3.9,87.9,12.7
563,2021-11-15,107.0,97.0,10.0,0.0,33.0,11.0,5657.0,6524.6,0.003,-22.6,45.4,-5.3
564,2021-11-16,106.0,96.0,10.0,0.0,18.0,23.0,5882.0,6458.9,0.003,0.5,46.2,-4.8
565,2021-11-17,102.0,92.0,10.0,2.0,23.0,11.0,4932.0,6393.6,0.003,2.8,50.3,-2.1
566,2021-11-18,94.0,84.0,10.0,1.0,41.0,13.0,4570.0,6343.9,0.003,-2.3,46.8,-4.3
567,2021-11-19,90.0,81.0,9.0,0.0,22.0,15.0,5016.0,6241.9,0.003,4.0,52.7,-0.5
568,2021-11-20,86.0,77.0,9.0,2.0,16.0,11.0,3503.0,6149.0,0.003,30.3,99.0,19.3
569,2021-11-21,82.0,73.0,9.0,0.0,19.0,5.0,1301.0,6103.1,0.003,-1.7,95.5,17.3
570,2021-11-22,82.0,74.0,8.0,1.0,34.0,9.0,5850.0,6120.9,0.003,-27.2,42.4,-7.2
571,2021-11-23,79.0,71.0,8.0,0.0,10.0,4.0,2526.0,5449.6,0.003,29.7,84.8,10.8
572,2021-11-24,72.0,64.0,8.0,0.0,15.0,19.0,5174.0,5532.4,0.003,-21.4,45.3,-5.3
573,2021-11-25,72.0,64.0,8.0,0.0,11.0,22.0,5211.0,5631.1,0.003,0.5,46.1,-4.8
574,2021-11-26,72.0,65.0,7.0,0.0,33.0,12.0,5536.0,5705.4,0.003,4.4,52.5,-0.6
575,2021-11-27,66.0,59.0,7.0,0.0,17.0,5.0,3702.0,5711.9,0.003,24.6,90.0,13.9
576,2021-11-28,66.0,59.0,7.0,0.0,13.0,6.0,1420.0,5743.9,0.003,-1.9,86.4,11.8
577,2021-11-29,67.0,61.0,6.0,1.0,12.0,15.0,5409.0,5676.0,0.003,-22.0,45.4,-5.3
578,2021-11-30,69.0,63.0,6.0,1.0,38.0,14.0,5565.0,6274.1,0.003,1.4,47.4,-4.0
579,2021-12-01,74.0,70.0,4.0,1.0,12.0,6.0,5037.0,6189.1,0.003,-2.9,43.2,-6.7
580,2021-12-02,76.0,72.0,4.0,0.0,21.0,9.0,4630.0,6093.1,0.002,-0.9,42.0,-7.5
581,2021-12-03,74.0,72.0,2.0,1.0,22.0,19.0,5442.0,6064.6,0.003,4.5,48.4,-3.3
582,2021-12-04,72.0,70.0,2.0,0.0,13.0,9.0,3853.0,6105.4,0.003,32.0,95.9,17.5
583,2021-12-05,76.0,74.0,2.0,0.0,14.0,8.0,1635.0,6127.1,0.003,-3.3,89.5,13.7
584,2021-12-06,75.0,72.0,3.0,0.0,26.0,4.0,5318.0,6112.6,0.003,-23.5,44.9,-5.6
585,2021-12-07,69.0,66.0,3.0,0.0,12.0,17.0,5991.0,6178.4,0.003,0.3,45.3,-5.3
586,2021-12-08,70.0,67.0,3.0,1.0,14.0,23.0,5206.0,6208.0,0.003,-2.2,42.1,-7.4
587,2021-12-09,69.0,66.0,3.0,1.0,12.0,7.0,4754.0,6221.0,0.003,6.1,50.8,-1.7
588,2021-12-10,66.0,63.0,3.0,0.0,26.0,22.0,5928.0,6313.0,0.003,5.7,59.4,3.9
589,2021-12-11,72.0,69.0,3.0,0.0,3.0,8.0,3686.0,6284.7,0.003,32.4,111.0,26.5
590,2021-12-12,76.0,73.0,3.0,0.0,20.0,8.0,1609.0,6296.9,0.003,-4.2,102.1,21.2
591,2021-12-13,77.0,73.0,4.0,1.0,16.0,15.0,5583.0,6339.7,0.003,-24.8,52.1,-0.9
592,2021-12-14,88.0,84.0,4.0,1.0,2.0,42.0,5832.0,6327.7,0.004,-3.8,46.3,-4.7
593,2021-12-15,80.0,77.0,3.0,0.0,27.0,20.0,5153.0,6334.6,0.004,11.9,63.8,6.7
594,2021-12-16,87.0,84.0,3.0,0.0,13.0,23.0,4907.0,6364.7,0.004,-5.6,54.6,0.7
595,2021-12-17,93.0,90.0,3.0,0.0,27.0,26.0,5470.0,6315.6,0.004,1.6,57.1,2.4
596,2021-12-18,101.0,98.0,3.0,0.0,0.0,31.0,4137.0,6391.3,0.005,40.5,120.8,32.4
597,2021-12-19,96.0,93.0,3.0,0.0,23.0,6.0,1643.0,6388.7,0.005,-5.6,108.5,25.1
598,2021-12-20,119.0,116.0,3.0,0.0,9.0,21.0,5640.0,6391.4,0.005,-25.3,55.8,1.5
599,2021-12-21,144.0,141.0,3.0,0.0,7.0,40.0,6197.0,6462.1,0.005,1.5,58.2,3.1
600,2021-12-22,155.0,152.0,3.0,1.0,13.0,37.0,5531.0,6508.9,0.005,3.5,63.8,6.7
601,2021-12-23,160.0,158.0,2.0,0.0,18.0,38.0,5046.0,6542.4,0.006,-0.8,62.4,5.8
602,2021-12-24,176.0,174.0,2.0,0.0,19.0,38.0,5297.0,6514.1,0.006,15.9,88.3,22.7
603,2021-12-25,178.0,176.0,2.0,1.0,13.0,23.0,4184.0,6542.1,0.006,16.7,119.7,31.8
604,2021-12-26,180.0,178.0,2.0,0.0,27.0,29.0,1952.0,6596.9,0.006,-6.3,105.8,23.4
605,2021-12-27,202.0,200.0,2.0,0.0,31.0,58.0,4683.0,6462.6,0.006999999999999999,-20.7,63.2,6.3
606,2021-12-28,203.0,201.0,2.0,1.0,29.0,47.0,4878.0,6189.3,0.008,0.7,64.4,7.1
607,2021-12-29,206.0,205.0,1.0,0.0,20.0,43.0,2840.0,5692.7,0.009000000000000001,4.0,70.9,2.5
608,2021-12-30,223.0,222.0,1.0,0.0,26.0,24.0,1885.0,5084.3,0.01,-5.4,61.7,-3.0
